cluster	page_type	page	keyword	intent	volume	kd
palmistry career and wealth	Pillar page	career line palmistry	career line palmistry	Informational, Commercial	590	10
palmistry career and wealth	Pillar page	career line palmistry	career line on palm	Informational, Commercial	590	11
palmistry career and wealth	Pillar page	career line palmistry	business line in palmistry	Informational	320	31
palmistry career and wealth	Pillar page	career line palmistry	job line in female hand	Commercial	170	11
palmistry career and wealth	Pillar page	career line palmistry	career palm reading	Informational, Commercial	110	10
left vs right hand reading	Pillar page	dominant hand meaning	dominant hand meaning	Informational	1300	27
left vs right hand reading	Pillar page	dominant hand meaning	dominant hand	Informational	720	46
left vs right hand reading	Sub page	is palmistry true	is palmistry true	Informational	1300	34
left vs right hand reading	Sub page	is palmistry true	is palmistry accurate	Informational	320	17
left vs right hand reading	Sub page	is palmistry true	is palm reading accurate	Informational	320	43
left vs right hand reading	Sub page	is palmistry true	is palmistry real	Informational	210	29
left vs right hand reading	Sub page	is palmistry true	palmistry real or fake	Informational	140	16
left vs right hand reading	Sub page	is palmistry true	do palm lines change	Informational	110	9
left vs right hand reading	Sub page	is palmistry true	is palm reading true	Informational	110	46
left vs right hand reading	Sub page	left hand palm	left hand palm	Informational	590	24
left vs right hand reading	Sub page	left hand palm	left palm	Informational	720	28
left vs right hand reading	Sub page	which hand is seen in palmistry for male	which hand is seen in palmistry for male	Informational	260	7
left vs right hand reading	Sub page	which hand is seen in palmistry for male	in palmistry which hand is read for a man	Informational	260	10
left vs right hand reading	Sub page	which hand is seen in palmistry for male	which hand to read for male in palmistry in india	Informational	170	10
left vs right hand reading	Sub page	which hand is seen in palmistry for male	palmistry male hand	Informational	140	22
left vs right hand reading	Sub page	which hand is seen in palmistry for male	palm reading for male right or left	Informational	110	14
left vs right hand reading	Sub page	writing with non dominant hand	non dominant hand	Informational	480	38
left vs right hand reading	Sub page	writing with non dominant hand	writing with non dominant hand	Informational	1000	30
left vs right hand reading	Sub page	writing with non dominant hand	non dominant hand meaning	Informational	720	28
palm lines analysis	Pillar page	heart line	heart line and head line joined meaning	Informational	140	14
palm lines analysis	Pillar page	heart line	heart line	Informational	5400	31
palm lines analysis	Pillar page	heart line	heart line palmistry	Informational	3600	29
palm lines analysis	Pillar page	heart line	heart line in hand	Informational	1600	33
palm lines analysis	Pillar page	heart line	head line palmistry	Informational	1300	21
palm lines analysis	Pillar page	heart line	palmistry love line	Informational	880	39
palm lines analysis	Pillar page	heart line	types of heart line in palmistry	Informational	320	17
palm lines analysis	Pillar page	heart line	head line palm	Informational	260	14
palm lines analysis	Pillar page	heart line	mind line in hand	Informational	260	14
palm lines analysis	Pillar page	heart line	heart line palmistry fork	Informational, Transactional	210	24
palm lines analysis	Pillar page	heart line	head line in hand	Informational	210	8
palm lines analysis	Pillar page	heart line	heart line meaning	Informational	170	29
palm lines analysis	Pillar page	heart line	straight heart line palmistry	Informational	140	21
palm lines analysis	Pillar page	heart line	mind line palmistry	Informational	110	16
palm lines analysis	Pillar page	heart line	palm reading head line	Informational	110	20
palm lines analysis	Pillar page	heart line	heart line divided into two parts	Informational	110	16
palm lines analysis	Pillar page	heart line	heart line and life line joined meaning	Informational	110	15
palm lines analysis	Sub page	education line in palmistry	education line in palmistry	Informational	390	19
palm lines analysis	Sub page	education line in palmistry	education line in hand	Informational	320	27
palm lines analysis	Sub page	life line and head line not joined meaning	life line and head line not joined meaning	Informational	140	10
palm lines analysis	Sub page	life line and head line not joined meaning	head line and life line joined	Informational	110	17
palm lines analysis	Sub page	life line in hand	life line in hand for female	Informational	1000	21
palm lines analysis	Sub page	life line in hand	life line in hand	Informational	9900	22
palm lines analysis	Sub page	life line in hand	palmistry female	Informational	4400	30
palm lines analysis	Sub page	life line in hand	heart line palm	Informational	3600	29
palm lines analysis	Sub page	life line in hand	short life line palm	Informational	2400	19
palm lines analysis	Sub page	life line in hand	palmistry lines for female	Informational	880	27
palm lines analysis	Sub page	life line in hand	right hand palm reading for female	Informational	720	19
palm lines analysis	Sub page	life line in hand	female hand palmistry	Informational	720	17
palm lines analysis	Sub page	life line in hand	life line in hand for male	Informational	720	30
palm lines analysis	Sub page	life line in hand	palm reading life line	Informational	590	23
palm lines analysis	Sub page	life line in hand	palmistry left hand	Informational	590	15
palm lines analysis	Sub page	life line in hand	success line on palm	Informational, Transactional	480	30
palm lines analysis	Sub page	life line in hand	which hand to read for female in palmistry in india	Informational	260	10
palm lines analysis	Sub page	life line in hand	in palmistry which hand is read for a woman	Informational	260	15
palm lines analysis	Sub page	life line in hand	which palm to read for female	Informational	260	16
palm lines analysis	Sub page	life line in hand	which hand to see for female in palmistry	Informational	210	17
palm lines analysis	Sub page	life line in hand	palm reading thumb lines	Informational	170	21
palm lines analysis	Sub page	life line in hand	palmistry which hand to read	Informational	170	26
palm lines analysis	Sub page	life line in hand	which hand to read for female in palmistry	Informational	170	17
palm lines analysis	Sub page	life line in hand	major lines in palmistry	Informational	170	22
palm lines analysis	Sub page	life line in hand	palm reading heart line	Informational	140	27
palm lines analysis	Sub page	life line in hand	age line in palmistry	Informational	140	24
palm lines analysis	Sub page	life line in hand	female left hand palmistry	Informational	140	15
palm lines analysis	Sub page	life line in hand	lifeline lines	Informational	140	30
palm lines analysis	Sub page	life line in hand	palm reading left or right hand	Informational	110	18
palm lines analysis	Sub page	life line in hand	palmistry right hand or left hand	Informational	110	10
palm lines analysis	Sub page	life line in hand	palmistry left or right hand	Informational	110	11
palm lines analysis	Sub page	life line in hand	lines on fingers palmistry	Informational	110	25
palm lines analysis	Sub page	life line in hand	palmistry for women	Informational	110	26
palm lines analysis	Sub page	palmistry fate line	luck line on palm	Informational	480	25
palm lines analysis	Sub page	palmistry fate line	palmistry fate line	Informational	2400	25
palm lines analysis	Sub page	palmistry fate line	luck line in palmistry	Informational	480	23
palm lines analysis	Sub page	palmistry fate line	palm reading fate line	Informational	140	7
palm lines analysis	Sub page	palmistry fate line	lucky line in female hand	Informational	140	22
palm lines analysis	Sub page	palmistry fingers	palmistry fingers	Informational	320	15
palm lines analysis	Sub page	palmistry fingers	finger astrology	Informational	260	12
palm lines analysis	Sub page	palmistry fingers	lines in fingers	Informational	140	18
palm lines analysis	Sub page	palmistry fingers	finger lines meaning	Informational	110	17
palm lines analysis	Sub page	palmistry reading in hindi	palmistry reading in hindi	Informational	880	26
palm lines analysis	Sub page	palmistry reading in hindi	palm line reading in hindi	Informational	880	28
palm lines analysis	Sub page	palmistry reading in hindi	palm reading in hindi	Informational	880	31
palm lines analysis	Sub page	palmistry reading in hindi	hand line reading in hindi	Informational	210	26
palm lines analysis	Sub page	palmistry reading in hindi	palm lines in hindi	Informational	210	31
palm lines analysis	Sub page	palmistry reading in hindi	palmistry lines in hindi	Informational	210	31
palm lines analysis	Sub page	palmistry reading in hindi	hand reading in hindi	Informational	170	34
palm lines analysis	Sub page	palmistry reading in hindi	palm reading for male in hindi	Informational	110	20
palm lines analysis	Sub page	rare hand lines meaning	rare palm lines	Informational	390	18
palm lines analysis	Sub page	rare hand lines meaning	rare hand lines meaning	Informational	1000	31
palm lines analysis	Sub page	rare hand lines meaning	rare hand lines	Informational	140	30
palm lines analysis	Sub page	two head line palmistry	two head line palmistry	Informational	6600	30
palm lines analysis	Sub page	two head line palmistry	forked head line palmistry	Informational	210	13
palm lines analysis	Sub page	two head line palmistry	double head line palmistry	Informational	210	17
palm lines analysis	Sub page	two head line palmistry	brain line in hand	Informational, Transactional	170	17
ai palm reading tools	Pillar page	free palm reading online	free palm reading online	Informational	12100	17
ai palm reading tools	Pillar page	free palm reading online	palm reading	Informational	33100	41
ai palm reading tools	Pillar page	free palm reading online	hand reading lines	Informational	27100	50
ai palm reading tools	Pillar page	free palm reading online	palmistry online free	Informational	12100	29
ai palm reading tools	Pillar page	free palm reading online	palm reading app	Informational	9900	37
ai palm reading tools	Pillar page	free palm reading online	palm reading online	Informational, Commercial	5400	13
ai palm reading tools	Pillar page	free palm reading online	free palm reading	Informational, Transactional	3600	17
ai palm reading tools	Pillar page	free palm reading online	palm reading for male	Informational	3600	33
ai palm reading tools	Pillar page	free palm reading online	hand reading app	Informational	2900	34
ai palm reading tools	Pillar page	free palm reading online	how to read palm lines	Informational	2900	50
ai palm reading tools	Pillar page	free palm reading online	palm reading scanner	Informational	2400	22
ai palm reading tools	Pillar page	free palm reading online	what your palm lines say about you	Informational	2400	31
ai palm reading tools	Pillar page	free palm reading online	free online palm reading scanner	Informational, Commercial	2400	15
ai palm reading tools	Pillar page	free palm reading online	palmistry scanner	Informational	1000	20
ai palm reading tools	Pillar page	free palm reading online	left hand palm reading for female	Informational	880	18
ai palm reading tools	Pillar page	free palm reading online	hand reading online	Informational, Commercial	590	21
ai palm reading tools	Pillar page	free palm reading online	online palmistry scanner	Informational	480	13
ai palm reading tools	Pillar page	free palm reading online	free palm reading scanner	Commercial	480	16
ai palm reading tools	Pillar page	free palm reading online	palm scanner online	Informational	480	13
ai palm reading tools	Pillar page	free palm reading online	what is palmistry	Informational	320	37
ai palm reading tools	Pillar page	free palm reading online	which hand is used for palm reading	Informational	320	23
ai palm reading tools	Pillar page	free palm reading online	is palm reading real	Informational	260	47
ai palm reading tools	Pillar page	free palm reading online	palm reading for female online free	Informational, Commercial	260	10
ai palm reading tools	Pillar page	free palm reading online	palm scanner online free	Informational, Commercial	260	13
ai palm reading tools	Pillar page	free palm reading online	how to read palm lines for females	Informational	210	33
ai palm reading tools	Pillar page	free palm reading online	what does lines on your hands mean	Informational	210	31
ai palm reading tools	Pillar page	free palm reading online	how to see hand lines	Informational	170	41
ai palm reading tools	Pillar page	free palm reading online	how to check hand lines	Informational	140	40
ai palm reading tools	Pillar page	free palm reading online	how to see hand astrology	Informational	110	49
ai palm reading tools	Pillar page	free palm reading online	how to read hand lines of a girl	Informational	110	24
relationship and marriage palmistry	Pillar page	marriage line palmistry	palmistry relationship lines	Informational	320	19
relationship and marriage palmistry	Pillar page	marriage line palmistry	marriage line palmistry	Informational	4400	11
relationship and marriage palmistry	Pillar page	marriage line palmistry	love line in hand	Informational	1900	37
relationship and marriage palmistry	Pillar page	marriage line palmistry	marriage palm reading	Informational	1300	29
relationship and marriage palmistry	Pillar page	marriage line palmistry	divorce palm reading marriage line	Informational	1000	13
relationship and marriage palmistry	Pillar page	marriage line palmistry	marriage lines on palm for female	Informational	720	16
relationship and marriage palmistry	Pillar page	marriage line palmistry	love marriage palm reading	Informational	720	19
relationship and marriage palmistry	Pillar page	marriage line palmistry	palmistry love marriage line	Informational	590	21
relationship and marriage palmistry	Pillar page	marriage line palmistry	palm reading marriage lines	Informational	390	23
relationship and marriage palmistry	Pillar page	marriage line palmistry	relationship lines on palm	Informational	320	30
relationship and marriage palmistry	Pillar page	marriage line palmistry	palm reading love line	Informational	260	37
relationship and marriage palmistry	Pillar page	marriage line palmistry	marriage lines on palm for male	Informational	140	8
relationship and marriage palmistry	Pillar page	marriage line palmistry	love life palmistry	Informational	140	27
relationship and marriage palmistry	Pillar page	marriage line palmistry	love life palm reading	Informational	140	30
relationship and marriage palmistry	Pillar page	marriage line palmistry	love marriage line in palm reading	Informational	110	11
relationship and marriage palmistry	Pillar page	marriage line palmistry	palm reading for female marriage	Informational	110	15
relationship and marriage palmistry	Pillar page	marriage line palmistry	relationship lines on hand	Informational	110	21
relationship and marriage palmistry	Pillar page	marriage line palmistry	palm reading love marriage or arranged	Informational	110	26
special palm signs	Pillar page	simian line	simian crease on palm	Informational, Transactional	140	23
special palm signs	Pillar page	simian line	simian crease	Informational	6600	36
special palm signs	Pillar page	simian line	simian line	Informational	6600	28
special palm signs	Pillar page	simian line	palmar crease	Informational	1600	27
special palm signs	Pillar page	simian line	single palmar crease	Informational	880	36
special palm signs	Pillar page	simian line	simian line palmistry	Informational	720	23
special palm signs	Pillar page	simian line	simian line on both hands	Informational	320	18
special palm signs	Pillar page	simian line	palm crease meaning	Informational	320	41
special palm signs	Pillar page	simian line	simian line meaning	Informational	260	23
special palm signs	Pillar page	simian line	simian crease meaning	Informational	260	32
special palm signs	Pillar page	simian line	straight line on palm	Informational	210	27
special palm signs	Pillar page	simian line	transverse palmar crease	Informational	170	34
special palm signs	Pillar page	simian line	down syndrome palm	Informational	170	40
special palm signs	Pillar page	simian line	single crease on palm	Informational	140	23
special palm signs	Pillar page	simian line	simian hand	Informational	140	33
special palm signs	Pillar page	simian line	hand creases	Informational	110	30
special palm signs	Pillar page	simian line	palmar simian crease	Informational	110	22
special palm signs	Pillar page	simian line	single horizontal crease on palm	Informational	110	20
special palm signs	Pillar page	simian line	simian line on right hand	Informational	110	37
special palm signs	Sub page	mystic cross on palm	x mark in palm	Informational	390	26
special palm signs	Sub page	mystic cross on palm	mystic cross on palm	Informational	480	24
special palm signs	Sub page	mystic cross on palm	mystic cross palmistry	Informational	480	28
special palm signs	Sub page	mystic cross on palm	x sign on palm	Informational	390	26
special palm signs	Sub page	mystic cross on palm	x in palmistry	Informational	210	23
special palm signs	Sub page	mystic cross on palm	mystic cross	Informational	170	23
special palm signs	Sub page	mystic cross on palm	x on palm	Informational, Transactional	140	27
special palm signs	Sub page	mystic cross on palm	x on palm spiritual meaning	Informational, Transactional	140	30
special palm signs	Sub page	mystic cross on palm	cross on palm	Informational	110	28
beginner palm reading basics	Pillar page	thumb palmistry	thumb palmistry	Informational	140	10
beginner palm reading basics	Pillar page	thumb palmistry	palmistry thumb lines	Informational	170	15
beginner palm reading basics	Sub page	palm reading book pdf	palm reading book pdf	Informational	590	17
beginner palm reading basics	Sub page	palm reading book pdf	palm reading book	Commercial	390	25
hand shapes and mounts	Pillar page	palm reading fire hand	palm reading fire hand	Informational	140	3
hand shapes and mounts	Pillar page	palm reading fire hand	hand types in palmistry	Informational	110	33
