keyword	page	topic	page_type	volume	kd	intent
broken life line palmistry	broken life line palmistry	life line interpretation	Sub page	390	14	Informational
palm reading broken life line	broken life line palmistry	life line interpretation	Sub page	260	13	Informational
meaning broken life line palm	broken life line palmistry	life line interpretation	Sub page	50	14	Informational
broken lifeline in palm	broken life line palmistry	life line interpretation	Sub page	40	14	Informational
career palmistry	career palmistry	lines on palm astrology	Sub page	880	5	Commercial
job palmistry	career palmistry	lines on palm astrology	Sub page	90	5	Informational, Commercial
career line on palm	career palmistry	lines on palm astrology	Sub page	90	19	Informational, Commercial
palmistry career line meaning	career palmistry	lines on palm astrology	Sub page	50	1	Informational, Commercial
line of success in palmistry	career palmistry	lines on palm astrology	Sub page	50	7	Informational
chinese palmistry	chinese palmistry	palmistry origins	Sub page	720	16	Informational
chinese palm reading	chinese palmistry	palmistry origins	Sub page	170	16	Informational
chinese palmistry reading	chinese palmistry	palmistry origins	Sub page	170	16	Informational, Transactional
chiromancy marriage line	chiromancy marriage line	marriage and relationship lines	Pillar page	1900	13	Informational
hand line reading marriage line	chiromancy marriage line	marriage and relationship lines	Pillar page	2400	17	Informational
reading love line on palm	chiromancy marriage line	marriage and relationship lines	Pillar page	1000	33	Informational
marriage line palm	chiromancy marriage line	marriage and relationship lines	Pillar page	1000	7	Informational
love line in palmistry reading	chiromancy marriage line	marriage and relationship lines	Pillar page	880	30	Informational
marriage line in hand	chiromancy marriage line	marriage and relationship lines	Pillar page	880	11	Informational
palm astrology for marriage	chiromancy marriage line	marriage and relationship lines	Pillar page	720	12	Informational
palm reading marriage line	chiromancy marriage line	marriage and relationship lines	Pillar page	720	10	Informational
palmistry wedding line	chiromancy marriage line	marriage and relationship lines	Pillar page	720	21	Informational
palm reading marriage	chiromancy marriage line	marriage and relationship lines	Pillar page	590	15	Informational
palmistry and marriage	chiromancy marriage line	marriage and relationship lines	Pillar page	590	6	Informational
love line on palm	chiromancy marriage line	marriage and relationship lines	Pillar page	590	28	Informational
marriage line	chiromancy marriage line	marriage and relationship lines	Pillar page	480	21	Informational
palmistry marriage line	chiromancy marriage line	marriage and relationship lines	Pillar page	390	10	Informational
hand reading marriage line	chiromancy marriage line	marriage and relationship lines	Pillar page	320	13	Informational
love marriage line in female hand	chiromancy marriage line	marriage and relationship lines	Pillar page	260	21	Informational
marriage chain palmistry	chiromancy marriage line	marriage and relationship lines	Pillar page	210	14	Informational
divorce palm reading marriage line	chiromancy marriage line	marriage and relationship lines	Pillar page	210	13	Informational
marriage lines on palm for female	chiromancy marriage line	marriage and relationship lines	Pillar page	140	9	Informational
2 marriage line in female hand	chiromancy marriage line	marriage and relationship lines	Pillar page	110	13	Informational
palm reading divorce line	chiromancy marriage line	marriage and relationship lines	Pillar page	90	11	Informational
where is the marriage line on your palm	chiromancy marriage line	marriage and relationship lines	Pillar page	90	0	Informational
palm reading number of marriages	chiromancy marriage line	marriage and relationship lines	Pillar page	90	8	Informational
2 marriage lines on palm	chiromancy marriage line	marriage and relationship lines	Pillar page	90	9	Informational
marriage line on hand for female	chiromancy marriage line	marriage and relationship lines	Pillar page	90	9	Informational
marriage rare hand lines meaning	chiromancy marriage line	marriage and relationship lines	Pillar page	90	9	Informational
palmistry number of marriages	chiromancy marriage line	marriage and relationship lines	Pillar page	70	4	Informational
hand reading for marriage	chiromancy marriage line	marriage and relationship lines	Pillar page	70	7	Informational
fork in marriage line	chiromancy marriage line	marriage and relationship lines	Pillar page	50	3	Informational
where is the marriage line on your hand	chiromancy marriage line	marriage and relationship lines	Pillar page	40	10	Informational
hand types palmistry	different types of hands	hand shapes and elements	Pillar page	70	21	Informational
types of hands	different types of hands	hand shapes and elements	Pillar page	880	42	Informational
different types of hands	different types of hands	hand shapes and elements	Pillar page	720	22	Informational
element hands	different types of hands	hand shapes and elements	Pillar page	320	22	Informational
fire hand palmistry	different types of hands	hand shapes and elements	Pillar page	110	0	Informational
different shapes of hands	different types of hands	hand shapes and elements	Pillar page	90	7	Informational
palm reading hand shapes	different types of hands	hand shapes and elements	Pillar page	90	35	Informational
palm reading fire hand	different types of hands	hand shapes and elements	Pillar page	70	0	Informational
water hand palm reading	different types of hands	hand shapes and elements	Pillar page	70	5	Informational
shape of hands meaning	different types of hands	hand shapes and elements	Pillar page	70	16	Informational
water hand palmistry	different types of hands	hand shapes and elements	Pillar page	50	0	Informational
elemental hand types	different types of hands	hand shapes and elements	Pillar page	40	12	Informational
different types of hand shapes	different types of hands	hand shapes and elements	Pillar page	40	13	Informational
double life line palm reading	double life line palm reading	life line interpretation	Sub page	90	17	Informational
double life line palmistry	double life line palm reading	life line interpretation	Sub page	90	18	Informational
fish sign on palm	fish sign on palm	lines on palm astrology	Sub page	110	21	Informational
fish sign in palmistry	fish sign on palm	lines on palm astrology	Sub page	90	23	Informational, Transactional
palm reading fish sign	fish sign on palm	lines on palm astrology	Sub page	70	20	Informational
forked life line palmistry	forked life line palmistry	life line interpretation	Sub page	40	13	Informational
palm reading life line fork	forked life line palmistry	life line interpretation	Sub page	40	13	Informational, Commercial
forked life line palm	forked life line palmistry	life line interpretation	Sub page	40	18	Informational
hand marriage meaning	hand marriage meaning	marriage and relationship lines	Sub page	110	24	Informational
hand marriage	hand marriage meaning	marriage and relationship lines	Sub page	110	41	Informational
split head line palmistry	head line palmistry	head line interpretation	Pillar page	70	5	Informational
head line palmistry	head line palmistry	head line interpretation	Pillar page	590	14	Informational
head line palm	head line palmistry	head line interpretation	Pillar page	590	23	Informational
forked head line palmistry	head line palmistry	head line interpretation	Pillar page	70	5	Informational
palm reading broken head line	head line palmistry	head line interpretation	Pillar page	70	20	Informational
palm reading head line split	head line palmistry	head line interpretation	Pillar page	50	3	Informational
head line splits into three at the end	head line palmistry	head line interpretation	Pillar page	40	0	Informational
palm reading heart line	heart line	heart line interpretation	Pillar page	1300	30	Informational
heart line	heart line	heart line interpretation	Pillar page	1900	32	Informational
palmistry heart line reading	heart line	heart line interpretation	Pillar page	1300	42	Informational
heart line palmistry	heart line	heart line interpretation	Pillar page	1000	30	Informational
heart line palm	heart line	heart line interpretation	Pillar page	1000	31	Informational
broken heart line in palmistry	heart line	heart line interpretation	Pillar page	210	5	Informational
broken heart line palm reading	heart line	heart line interpretation	Pillar page	140	5	Informational
heart line meaning	heart line	heart line interpretation	Pillar page	140	28	Informational
types of heart line in palmistry	heart line	heart line interpretation	Pillar page	90	10	Informational
palm reading heart line fork	heart line	heart line interpretation	Pillar page	70	9	Informational
split heart line palmistry	heart line	heart line interpretation	Pillar page	70	18	Informational
heart line palmistry fork	heart line	heart line interpretation	Pillar page	70	9	Informational
heart line on hand	heart line	heart line interpretation	Pillar page	50	14	Informational
heart line splits into two at the end	heart line	heart line interpretation	Pillar page	50	10	Informational
palmistry heart line meaning	heart line	heart line interpretation	Pillar page	50	26	Informational
i need a lifeline meaning	life line define	life line interpretation	Sub page	40	32	Informational
life line define	life line define	life line interpretation	Sub page	70	43	Informational
life line def	life line define	life line interpretation	Sub page	50	43	Informational
line of mercury palmistry	line of mercury palmistry	lines on palm astrology	Sub page	70	4	Informational
palm reading mercury line	line of mercury palmistry	lines on palm astrology	Sub page	70	9	Informational
lines on palm astrology	lines on palm astrology	lines on palm astrology	Pillar page	18100	23	Informational
palm reading	lines on palm astrology	lines on palm astrology	Pillar page	301000	52	Informational
palm reading lines	lines on palm astrology	lines on palm astrology	Pillar page	18100	31	Informational
palm reading guide	lines on palm astrology	lines on palm astrology	Pillar page	4400	28	Informational
palmistry lines	lines on palm astrology	lines on palm astrology	Pillar page	3600	32	Informational
palmistry hand	lines on palm astrology	lines on palm astrology	Pillar page	2900	30	Informational
meaning of lines in the palm	lines on palm astrology	lines on palm astrology	Pillar page	2400	23	Informational
what your palm lines say about you	lines on palm astrology	lines on palm astrology	Pillar page	2400	23	Informational
life line on palm	lines on palm astrology	lines on palm astrology	Pillar page	1300	17	Informational
palm reading for life line	lines on palm astrology	lines on palm astrology	Pillar page	1000	17	Informational
what do the lines mean on your hands	lines on palm astrology	lines on palm astrology	Pillar page	1000	22	Informational
life line in hand	lines on palm astrology	lines on palm astrology	Pillar page	880	19	Informational
palm reading life line short	lines on palm astrology	lines on palm astrology	Pillar page	720	14	Informational
lifelines on hands	lines on palm astrology	lines on palm astrology	Pillar page	590	19	Informational
how to read palm lines palmistry guide	lines on palm astrology	lines on palm astrology	Pillar page	480	25	Informational
left hand palm reading for female	lines on palm astrology	lines on palm astrology	Pillar page	390	10	Informational
how to read a palm of a hand	lines on palm astrology	lines on palm astrology	Pillar page	320	31	Informational
how can we read your hand lines	lines on palm astrology	lines on palm astrology	Pillar page	260	31	Informational
where is your lifeline on your hand	lines on palm astrology	lines on palm astrology	Pillar page	210	23	Informational
palmistry left hand	lines on palm astrology	lines on palm astrology	Pillar page	210	8	Informational
how to read palm lines for female	lines on palm astrology	lines on palm astrology	Pillar page	210	13	Informational
where is your life line on your hand	lines on palm astrology	lines on palm astrology	Pillar page	170	20	Informational
where is the life line on your palm	lines on palm astrology	lines on palm astrology	Pillar page	140	23	Informational
which line on your hand is your life line	lines on palm astrology	lines on palm astrology	Pillar page	140	17	Informational
which hand to read for palmistry	lines on palm astrology	lines on palm astrology	Pillar page	140	13	Informational
palm reading left hand or right hand	lines on palm astrology	lines on palm astrology	Pillar page	140	7	Informational
what does your lines on your palm mean	lines on palm astrology	lines on palm astrology	Pillar page	110	24	Informational
what does the lines in your hand mean	lines on palm astrology	lines on palm astrology	Pillar page	110	21	Informational
what your palm lines say about your future	lines on palm astrology	lines on palm astrology	Pillar page	90	23	Informational
what line on your hand is your lifeline	lines on palm astrology	lines on palm astrology	Pillar page	50	17	Informational
the palm line that signifies fortune	money line in palmistry	lines on palm astrology	Sub page	90	14	Informational, Transactional
money line in hand palmistry	money line in palmistry	lines on palm astrology	Sub page	320	22	Informational
money line in palmistry	money line in palmistry	lines on palm astrology	Sub page	260	16	Informational
hand reading money line	money line in palmistry	lines on palm astrology	Sub page	210	18	Informational
palm reading wealth line	money line in palmistry	lines on palm astrology	Sub page	90	18	Informational
success line on palm	money line in palmistry	lines on palm astrology	Sub page	70	23	Informational
palmistry rich line	money line in palmistry	lines on palm astrology	Sub page	70	15	Informational
billionaire sun line in palmistry	money line in palmistry	lines on palm astrology	Sub page	50	14	Informational
palm reading money triangle	money line in palmistry	lines on palm astrology	Sub page	50	12	Informational
lucky line on palm	money line in palmistry	lines on palm astrology	Sub page	50	15	Informational
wealth lines on palm	money line in palmistry	lines on palm astrology	Sub page	50	9	Informational
line of wealth in palmistry	money line in palmistry	lines on palm astrology	Sub page	40	11	Informational
palm reading rich line	money line in palmistry	lines on palm astrology	Sub page	40	14	Informational
palm reading rich	money line in palmistry	lines on palm astrology	Sub page	40	16	Informational
palm reading wealth	money line in palmistry	lines on palm astrology	Sub page	40	28	Informational
palmistry reading for money	money line in palmistry	lines on palm astrology	Sub page	30	13	Informational
palm reading money	money line in palmistry	lines on palm astrology	Sub page	30	21	Informational
mount of luna palmistry	mount of luna palmistry	palm reading pdf	Sub page	70	4	Informational
mount of moon palm reading	mount of luna palmistry	palm reading pdf	Sub page	70	4	Informational
palm diagram	palm diagram	lines on palm astrology	Sub page	320	35	Informational
diagram of hand palm	palm diagram	lines on palm astrology	Sub page	40	36	Informational
cross line on palm	palmistry crosses	lines on palm astrology	Sub page	50	23	Informational
palmistry crosses	palmistry crosses	lines on palm astrology	Sub page	880	23	Informational
x and m on palm right hand	palmistry crosses	lines on palm astrology	Sub page	90	19	Informational
palm reading fingers	palmistry fingers	lines on palm astrology	Sub page	90	20	Informational
palmistry fingers	palmistry fingers	lines on palm astrology	Sub page	110	5	Informational
fingers reading	palmistry fingers	lines on palm astrology	Sub page	50	29	Informational
palmistry free reading	palmistry free reading	palm reading pdf	Sub page	1300	14	Informational
free palm astrology	palmistry free reading	palm reading pdf	Sub page	2900	32	Informational
free palm reading	palmistry free reading	palm reading pdf	Sub page	2900	32	Informational
hand reading	palmistry free reading	palm reading pdf	Sub page	2900	37	Informational
free palm reading scanner	palmistry free reading	palm reading pdf	Sub page	1000	32	Informational
palm reading app	palmistry free reading	palm reading pdf	Sub page	1000	36	Informational
palm reading scanner	palmistry free reading	palm reading pdf	Sub page	1000	29	Informational
free palm reading app	palmistry free reading	palm reading pdf	Sub page	880	38	Informational
palm astrology app	palmistry free reading	palm reading pdf	Sub page	720	38	Informational
free palm reading online	palmistry free reading	palm reading pdf	Sub page	720	22	Informational
palm reading online	palmistry free reading	palm reading pdf	Sub page	590	11	Informational
scan palm for palmistry	palmistry free reading	palm reading pdf	Sub page	590	26	Informational
palm astrology online	palmistry free reading	palm reading pdf	Sub page	390	21	Informational, Commercial
palmistry online palm reading	palmistry free reading	palm reading pdf	Sub page	390	24	Informational, Commercial
scan palmistry	palmistry free reading	palm reading pdf	Sub page	390	28	Informational
online palmistry reading	palmistry free reading	palm reading pdf	Sub page	390	19	Informational, Commercial
free hand reading	palmistry free reading	palm reading pdf	Sub page	390	27	Informational
palmistry online free	palmistry free reading	palm reading pdf	Sub page	320	10	Informational, Commercial
palmistry astrology free	palmistry free reading	palm reading pdf	Sub page	320	30	Informational, Commercial
free online palm reading scanner	palmistry free reading	palm reading pdf	Sub page	320	7	Informational
free hand reading online	palmistry free reading	palm reading pdf	Sub page	260	16	Informational, Transactional
upload picture palm reading free online	palmistry free reading	palm reading pdf	Sub page	260	5	Informational
hand reader online	palmistry free reading	palm reading pdf	Sub page	260	14	Commercial
ai palm reading	palmistry free reading	palm reading pdf	Sub page	260	23	Commercial
read palm lines online	palmistry free reading	palm reading pdf	Sub page	260	14	Informational
palm scanner free	palmistry free reading	palm reading pdf	Sub page	210	22	Informational
free palm reading online scan	palmistry free reading	palm reading pdf	Sub page	140	16	Informational, Commercial
ai palm reading free	palmistry free reading	palm reading pdf	Sub page	90	5	Informational
free palm reading scanner online for female	palmistry free reading	palm reading pdf	Sub page	90	16	Informational
ai palm reader online	palmistry free reading	palm reading pdf	Sub page	50	3	Commercial
palmistry picture	palmistry images	palm reading pdf	Sub page	110	23	Informational
palmistry images	palmistry images	palm reading pdf	Sub page	170	21	Informational
palmistry hand images	palmistry images	palm reading pdf	Sub page	140	22	Informational
vedic palm reading	palmistry india	palmistry origins	Sub page	40	14	Informational
palmistry india	palmistry india	palmistry origins	Sub page	170	30	Informational
indian hand reading	palmistry india	palmistry origins	Sub page	70	20	Commercial
palmistry love line	palmistry love line	lines on palm astrology	Sub page	720	32	Informational
soulmate palm reading love line	palmistry love line	lines on palm astrology	Sub page	260	31	Informational
palm love	palmistry love line	lines on palm astrology	Sub page	70	21	Informational
palmistry love line interpretation	palmistry love line	lines on palm astrology	Sub page	70	26	Informational
palmistry love line meaning	palmistry love line	lines on palm astrology	Sub page	40	25	Informational
m on hand palmistry	palmistry m	lines on palm astrology	Sub page	140	17	Informational
palmistry m	palmistry m	lines on palm astrology	Sub page	390	23	Informational
palm reading letter m	palmistry m	lines on palm astrology	Sub page	260	24	Informational
palm reading m	palmistry m	lines on palm astrology	Sub page	170	21	Informational
m sign in palmistry	palmistry m	lines on palm astrology	Sub page	110	20	Informational, Transactional
m sign palm	palmistry m	lines on palm astrology	Sub page	90	23	Informational
m line palmistry	palmistry m	lines on palm astrology	Sub page	70	13	Informational
palm reading m line	palmistry m	lines on palm astrology	Sub page	70	20	Informational
m on left palm	palmistry m	lines on palm astrology	Sub page	70	28	Informational
palm reading m on palm	palmistry m	lines on palm astrology	Sub page	50	19	Informational
rare lucky signs how rare is m on palm	palmistry m	lines on palm astrology	Sub page	50	22	Informational
m in the palm of your hand meaning	palmistry m	lines on palm astrology	Sub page	40	14	Informational
palmistry marriage line age	palmistry marriage line age	marriage and relationship lines	Sub page	40	24	Informational
palm reading marriage line age	palmistry marriage line age	marriage and relationship lines	Sub page	40	31	Informational
palmistry origins	palmistry origins	palmistry origins	Pillar page	70	29	Informational
history of palmistry	palmistry origins	palmistry origins	Pillar page	70	31	Informational
history of palm reading	palmistry origins	palmistry origins	Pillar page	70	33	Informational
palm reading origin	palmistry origins	palmistry origins	Pillar page	50	33	Informational
how accurate are palm readers	palm reading and astrology are examples of	palm reading pdf	Sub page	70	25	Informational
palm reading and astrology are examples of	palm reading and astrology are examples of	palm reading pdf	Sub page	1300	22	Informational
is palmistry true	palm reading and astrology are examples of	palm reading pdf	Sub page	390	14	Informational
how accurate is palm reading	palm reading and astrology are examples of	palm reading pdf	Sub page	210	19	Informational
how accurate is palmistry	palm reading and astrology are examples of	palm reading pdf	Sub page	170	15	Informational
is palm reading true	palm reading and astrology are examples of	palm reading pdf	Sub page	110	35	Informational
psychic palmistry	palm reading and astrology are examples of	palm reading pdf	Sub page	90	22	Commercial
is palmistry reading accurate	palm reading and astrology are examples of	palm reading pdf	Sub page	90	23	Informational
palmistry accuracy	palm reading and astrology are examples of	palm reading pdf	Sub page	70	25	Informational
palm reading hindu	palm reading and astrology are examples of	palm reading pdf	Sub page	70	26	Informational
what are palm readers called	palm reading and astrology are examples of	palm reading pdf	Sub page	50	26	Informational
is palmistry real	palm reading and astrology are examples of	palm reading pdf	Sub page	50	27	Informational
what is a palm reader called	palm reading and astrology are examples of	palm reading pdf	Sub page	50	27	Informational
palm reading children line	palm reading children line	lines on palm astrology	Sub page	210	8	Informational
children line on palm	palm reading children line	lines on palm astrology	Sub page	170	14	Informational
palm reading how many children	palm reading children line	lines on palm astrology	Sub page	170	14	Informational
where are children lines on palm	palm reading children line	lines on palm astrology	Sub page	140	13	Informational
palm reading number of children	palm reading children line	lines on palm astrology	Sub page	110	16	Informational
child line on palm	palm reading children line	lines on palm astrology	Sub page	90	5	Informational
palm reading kids line	palm reading children line	lines on palm astrology	Sub page	70	10	Informational
children line palmistry	palm reading children line	lines on palm astrology	Sub page	50	7	Informational
hand reading fate line	palm reading destiny line	fate line and career reading	Pillar page	590	18	Informational
palm reading destiny line	palm reading destiny line	fate line and career reading	Pillar page	1300	15	Informational
palmistry destiny line	palm reading destiny line	fate line and career reading	Pillar page	880	11	Informational, Transactional
fate line palm	palm reading destiny line	fate line and career reading	Pillar page	880	16	Informational
fate line	palm reading destiny line	fate line and career reading	Pillar page	720	28	Informational
palmistry fate line	palm reading destiny line	fate line and career reading	Pillar page	590	17	Informational
palm reading fate line	palm reading destiny line	fate line and career reading	Pillar page	390	10	Informational
palmistry fate line meaning	palm reading destiny line	fate line and career reading	Pillar page	170	14	Informational
palm reading career line	palm reading destiny line	fate line and career reading	Pillar page	110	2	Informational, Commercial
destiny line	palm reading destiny line	fate line and career reading	Pillar page	110	9	Informational
palm reading fate line meaning	palm reading destiny line	fate line and career reading	Pillar page	90	11	Informational
career line palmistry	palm reading destiny line	fate line and career reading	Pillar page	90	14	Informational, Commercial
types of fate line	palm reading destiny line	fate line and career reading	Pillar page	90	16	Informational
palmistry luck line	palm reading destiny line	fate line and career reading	Pillar page	90	22	Informational
luck line in hand reading	palm reading destiny line	fate line and career reading	Pillar page	70	7	Informational, Transactional
palmistry career line interpretation	palm reading destiny line	fate line and career reading	Pillar page	70	2	Informational, Commercial
fate line in hand	palm reading destiny line	fate line and career reading	Pillar page	70	12	Informational
luck line on palm	palm reading destiny line	fate line and career reading	Pillar page	70	14	Informational
palm reading luck line	palm reading destiny line	fate line and career reading	Pillar page	70	14	Informational
fate line meaning	palm reading destiny line	fate line and career reading	Pillar page	70	16	Informational
hand destiny line	palm reading destiny line	fate line and career reading	Pillar page	70	20	Informational
line of destiny on palm	palm reading destiny line	fate line and career reading	Pillar page	40	19	Informational
broken lines on palm	palm reading destiny line	fate line and career reading	Pillar page	40	22	Informational
mounts of the hand	palm reading mounts	lines on palm astrology	Sub page	70	1	Informational
palm reading mounts	palm reading mounts	lines on palm astrology	Sub page	140	7	Informational
palm reading pdf	palm reading pdf	palm reading pdf	Pillar page	70	3	Informational
palm reading guide pdf	palm reading pdf	palm reading pdf	Pillar page	70	18	Informational
palmistry guide pdf	palm reading pdf	palm reading pdf	Pillar page	70	19	Informational
palmistry palm reading pdf	palm reading pdf	palm reading pdf	Pillar page	50	6	Informational, Commercial
life line palmistry	palm short life line	life line interpretation	Pillar page	480	27	Informational
palm short life line	palm short life line	life line interpretation	Pillar page	720	24	Informational
where is your lifeline on your palm	palm short life line	life line interpretation	Pillar page	210	13	Informational
palm reading split life line	palm short life line	life line interpretation	Pillar page	210	25	Informational
palm reading life line age	palm short life line	life line interpretation	Pillar page	90	20	Informational
life expectancy palm reading	palm short life line	life line interpretation	Pillar page	70	7	Informational
short life line in female hand	palm short life line	life line interpretation	Pillar page	70	13	Informational
palm reading life span	palm short life line	life line interpretation	Pillar page	70	20	Informational
lifespan palm reading	palm short life line	life line interpretation	Pillar page	70	21	Informational
age long life line palm	palm short life line	life line interpretation	Pillar page	50	12	Informational
palmistry life line split	palm short life line	life line interpretation	Pillar page	40	14	Informational
short line of life	palm short life line	life line interpretation	Pillar page	40	14	Informational
palm reading lucky signs	rare lucky signs on palm	lines on palm astrology	Sub page	70	20	Informational
rare lucky signs on palm	rare lucky signs on palm	lines on palm astrology	Sub page	260	6	Informational
the palm lines considered fortunate	rare lucky signs on palm	lines on palm astrology	Sub page	90	5	Informational
lucky palm lines for female	rare lucky signs on palm	lines on palm astrology	Sub page	70	4	Informational
lucky signs in palmistry	rare lucky signs on palm	lines on palm astrology	Sub page	70	14	Transactional
lucky palm signs	rare lucky signs on palm	lines on palm astrology	Sub page	70	16	Informational
palmistry star	rare lucky signs on palm	lines on palm astrology	Sub page	70	26	Informational
lucky line in palmistry	rare lucky signs on palm	lines on palm astrology	Sub page	40	24	Informational
palmistry straight line across palm	simian line palmistry	lines on palm astrology	Sub page	90	22	Informational
one line on palm	simian line palmistry	lines on palm astrology	Sub page	1000	34	Informational
simian line palmistry	simian line palmistry	lines on palm astrology	Sub page	390	12	Informational
what are the lines on your palm called	simian line palmistry	lines on palm astrology	Sub page	390	29	Informational
palm reading simian line	simian line palmistry	lines on palm astrology	Sub page	320	15	Informational
simian crease palm reading	simian line palmistry	lines on palm astrology	Sub page	140	11	Informational
2 lines on palm side	simian line palmistry	lines on palm astrology	Sub page	140	20	Informational
palm line straight across hand	simian line palmistry	lines on palm astrology	Sub page	90	32	Informational
palm straight line	simian line palmistry	lines on palm astrology	Sub page	90	24	Informational
palm reading straight line across	simian line palmistry	lines on palm astrology	Sub page	90	28	Informational
palmistry straight line	simian line palmistry	lines on palm astrology	Sub page	90	35	Informational
line across palm	simian line palmistry	lines on palm astrology	Sub page	90	39	Informational
one line palm hand	simian line palmistry	lines on palm astrology	Sub page	50	18	Informational, Transactional
meaning of straight line in palm	simian line palmistry	lines on palm astrology	Sub page	40	32	Informational
line of apollo palmistry	sun line in palm reading	sun line and success markings	Pillar page	70	2	Informational
sun line palmistry	sun line in palm reading	sun line and success markings	Pillar page	480	29	Informational
sun line palm	sun line in palm reading	sun line and success markings	Pillar page	260	22	Informational
sun line in palm reading	sun line in palm reading	sun line and success markings	Pillar page	210	13	Informational
sun line on hand	sun line in palm reading	sun line and success markings	Pillar page	40	4	Informational
apollo line	sun line in palm reading	sun line and success markings	Pillar page	40	6	Informational
